id;product_name;picture_url;unit_price;discount;units;product_id;order_id
1;function;Streamlined withdrawal Fork;13171;65331;14207;41230;1
2;Delaware;Soft;39752;73868;77797;52411;2
3;regional;driver;21046;85412;68168;32027;3
4;SCSI Martinique Grocery;parse Licensed turn-key;51859;36754;34783;42284;4
5;client-driven Bedfordshire;Specialist multi-byte;17114;8696;2866;88198;5
6;payment;SSL;99891;23187;92470;42968;6
7;navigating reboot generating;override redundant improvement;44408;34715;64063;26479;7
8;Gloves Personal fuchsia;User leading-edge;81047;71239;92686;81245;8
9;deposit orchestrate;edge;71259;91012;61708;85172;9
10;Minnesota Buckinghamshire;Borders online ADP;4444;60125;71544;4106;10
