id;create_time;update_time;payment_status;payer_country_code;payer_email;payer_name;payer_surname;payer_id;currency;amount;payment_id;order_id
1;2021-11-13T20:21:04;2021-11-14T00:43:40;Guernsey hacking;core Rustic;Practical;state overriding;deploy;copy Wooden;Infrastructure Accountability tan;31263;Wooden Wooden syndicate;1
2;2021-11-13T13:26:47;2021-11-13T12:44:58;Sleek system deposit;enhance bandwidth Secured;Key;Accountability;compressing Vermont;viral;Interactions;55468;Designer transmit fuchsia;2
3;2021-11-13T12:53:00;2021-11-14T03:56:13;Nuevo GB Music;Monitored user-centric Reunion;connecting Netherlands connecting;incubate Beauty;Pizza Kids;SMTP wireless Accounts;reboot Borders deposit;47766;virtual Shoes;3
4;2021-11-13T05:49:29;2021-11-14T04:15:01;Alaska;Intelligent alarm synthesize;methodology silver;Car Utah;Administrator Russian pixel;user-centric Salad;Handmade reboot;32159;South Handcrafted Wooden;4
5;2021-11-13T06:25:36;2021-11-13T22:28:03;Implemented payment rich;magenta Loan Sleek;3rd online teal;orchid synthesizing;Borders Mount TCP;Forest Persevering;microchip;23010;circuit;5
6;2021-11-13T06:58:09;2021-11-14T01:03:24;Salvador;client-driven;navigating engineer;transmitting card application;Tactics Multi-lateral;Specialist;hybrid;63730;Home best-of-breed Baby;6
7;2021-11-13T16:56:09;2021-11-13T19:16:59;transparent;Wall Namibia;ivory dynamic Clothing;Baby Designer Executive;reboot driver;Gorgeous mindshare invoice;Metrics;49548;solution-oriented;7
8;2021-11-13T05:14:22;2021-11-13T11:08:47;Fantastic;Facilitator deposit generating;3rd Soap;software;Loan;static;THX;6971;Ergonomic Accountability drive;8
9;2021-11-13T23:00:49;2021-11-13T21:34:42;state hacking Shirt;Soap tangible hack;value-added Springs multi-tasking;local;Markets user-centric;Avon;Delaware;18041;Soft override;9
10;2021-11-14T03:15:53;2021-11-13T21:20:03;South;District Sports;Enhanced Sports;Swaziland plum;Music Marks;Web;secondary Electronics Trace;57261;Sleek;10
